order_id,tag
S04102,MARCH25_5%Promo
#V25BSHJHN9,Faire
#4M3J3BT923,Faire
S03630,Remote Show Special
S03630,surfexpo_Jan25
#WZZUA4Y8QX,Faire
#SRCGBDK8HP,Faire
#DNZUEGXSFA,Faire
S04122,MARCH25_5%Promo
S03542,surfexpo_Jan25
#UBVSVDPBPK,Faire
#J4C2WHDF5N,Faire
#TZF9EJWTRH,Faire
#H567M2TWCV,Faire
#FZWBU2UVMN,Faire
#M4WQT4THRD,Faire
#R5NCRER74F,Faire
#PHN2V5S64J,Faire
#EG56BCBX9B,Faire
#3B9UFD266S,Faire
#TNGD45BHDX,Faire
#9FPWHVFBYU,Faire
S04223,SAMPLE PACK
#88JKFS4N3E,Faire
#DW3EPRTGCU,Faire
#P5CYZPCCQD,Faire
#73ZMVE34YN,Faire
#QYKCPKW7WJ,Faire
#YVFEJ7KK7U,Faire
#2F7UJFCP5P,Faire
#3QMXM8ZSK6,Faire
#4PWSZ9RMVT,Faire
#4PWSZ9RMVT,NEW ACCOUNT
#U9H44RJ94Y,Faire
#M7DX5Q9MTN,Faire
#Y6YECQYAP2,Faire
#8A7CXZM8ZJ,Faire
#BBHTZP9AC8,Faire
#4ECM38ZJRP,Faire
#Q2KRHB8JCN,Faire
#7M6GX86MXN,Faire
S04221,NEW ACCOUNT
#6T2N28T7HC,Faire
#DAT53JVWMD,Faire
#DAT53JVWMD,NEW ACCOUNT
#9WJT873R6E,Faire
#A47K4G8GZZ,Faire
#A47K4G8GZZ,survey2025
#8DXMUV6MYY,Faire
#XSUA23XS6P,Faire
#XNTHW2EE5T,Faire
#VU6S5ZXUT7,Faire
#YXG2A78A9S,Faire
S04093,REP SAMPLES
S04213,APPAREL
#ERYGYQKGQZ,Faire
#NCTNSHQVKT,Faire
#BVEUS5WPDH,Faire
#FBCWVJ4GCB,Faire
#GSACHDTA9A,Faire
#QF7BBH9Q7W,Faire
#2XSYJJHT84,Faire
#3EJ4G847WM,Faire
#MUM778ZJ3H,Faire
#9PPZK43H29,Faire
#UBPSN5FKGA,Faire
#H2QFGKZVMP,Faire
#9BKR3Q9RRP,Faire
#QMW9PYRW3Y,Faire
#DVEKDVZKEN,Faire
#AM8UG265HP,Faire
S04212,JEWELRY
S03411,surfexpo_Jan25
S04208,SAMPLE PACK
S03372,surfexpo_Jan25
S04158,REP SAMPLES
#6WJP6469WQ,Faire
#K95SUG46JK,Faire
#YXEBQBY92J,Faire
#YQ8QZ7ERXV,Faire
#75FWESNWE8,Faire
#K5HE4EUYM7,Faire
#67Z3KA6JT4,Faire
#AXTN4J4XNA,Faire
#YGG6ZAFBHT,Faire
#JNTNBUN9J4,Faire
#H3HJ29XEEB,Faire
S04171,JEWELRY
S04162,survey2025
S04164,SAMPLE PACK
S04163,survey2025
S04155,survey2025
#TQBPP86QFT,Faire
#FSCDVQ8ANU,Faire
#2JQHHAMK8M,Faire
#2D6A7PRYAG,Faire
#UGFKNVSTZP,Faire
#DZ9HQU6NG7,Faire
#3MMQ2ZNZXU,Faire
#78GWHA7A98,Faire
#AVCR6T7GTT,Faire
#S9ZGGK66SF,Faire
#DJKBKB2XMG,Faire
S03962,NEW ACCOUNT
S04151,survey2025
S03605,surfexpo_Jan25
S04150,APPAREL
S04042,new door
#NJKR232FNZ,Faire
#7WAMUWD32D,Faire
#AGJ99X3RUA,Faire
#CS8FGDSANT,Faire
#XXQTGY8DRM,Faire
#ARA7QQQYBP,Faire
#JREP9UVJMY,Faire
#E496PAWTYB,Faire
#PGPRXZDK8G,Faire
#AR48QYQXB2,Faire
#AV7274YK65,Faire
#25JX3RZ8P8,Faire
#X37JFC95M8,Faire
#WFGBQMUXPP,Faire
#6DMG8N8QGZ,Faire
#VR5RYUDKCW,Faire
#3MJVF2XZTK,Faire
S04146,BUYER GIFT
S04142,NEW ACCOUNT
#PDW69ZP6EQ,Faire
#T4Q6BNTADT,Faire
#E832RGG9MF,Faire
#5TNRFY2KTP,Faire
#EEEGECVDST,Faire
#9DNDYVUU6M,Faire
#R6SQ546AYY,Faire
#PYQTAB66UD,Faire
#3JVMBWVMDF,Faire
#Z2N6TCHTN7,Faire
#WTTDPPHJ7M,Faire
S04132,MARCH25_5%Promo
#YW55YU668F,Faire
#HV9M5NKJUR,Faire
#QMNX68PVY2,Faire
#CMXZ8WFYEG,Faire
#GQRAFPRXX6,Faire
#SZT8ARB4UF,Faire
#R2XKUXMWPP,Faire
#YG6VJQ6X82,Faire
#EU3GB8UB92,Faire
#XKT7PSQAW4,Faire
#WMKWCPKDQN,Faire
#V2C2X6498Q,Faire
#ZNQ2YF8YFH,Faire
#Q9AFCRUZTS,Faire
S04119,new door
S04117,SAMPLE PACK
S04116,SAMPLE PACK
S04115,SAMPLE PACK
S04112,MARCH25_5%Promo
#UBRYV2G32A,Faire
#87EZNABMU4,Faire
#WYKCV34Z63,Faire
#WPHJZB749T,Faire
#T7UX6C5EH6,Faire
#3NG6WAVJC9,Faire
#MEGM65FVMQ,Faire
S03556,surfexpo_Jan25
#S2KBQJ5C9E,Faire
S04110,MARCH25_5%Promo
S04106,MARCH25_5%Promo
#3YTW6CN99D,Faire
#FPXC26PQRQ,Faire
#6ETGHXG36E,Faire
#2J5JF5A5AX,Faire
#GGTE6CXNE9,Faire
S04062,MARCH25_5%Promo
S04108,MARCH25_5%Promo
S04105,MARCH25_5%Promo
#7XCTXZGB6A,Faire
#3XD2W2SMR8,Faire
#K45GEMZUJA,Faire
#JC74Y8M2K2,Faire
#W6DZMXJJHY,Faire
#4U3SM3PFA7,Faire
#5AWC4X8GUS,Faire
#99EDKZJMVP,Faire
S04095,new door
S04046,SAMPLE PACK
S04054,MARCH25_5%Promo
#SJYJ9D8VWJ,Faire
#KTGNCBVGT4,Faire
#HWH3JFDY2M,Faire
#D3AGYWPVN7,Faire
#7SYP23AH8K,Faire
#T3WESP965P,Faire
S04043,MARCH25_5%Promo
S04063,SWAG
S04056,MARCH25_5%Promo
S04061,MARCH25_5%Promo
S03988,MARCH25_5%Promo
#9K7779WSCZ,Faire
#PXUDDBTX2E,Faire
#Z6D84Y99RB,Faire
#6NCAMDTPUY,Faire
#AWSD2GMDW4,Faire
#HEF3TRF3VR,Faire
#PF3YEN7ENQ,Faire
#S3U9QS35RM,Faire
#MTETVMTZ88,Faire
#U5Z4VFG33S,Faire
#U5Z4VFG33S,MARCH25_5%Promo
#8GW4K4X9SM,Faire
#R3RMHAGQDR,Faire
#2CV7MDA8PE,Faire
#6VVKHCBDJ3,Faire
#N86FDHKJEK,Faire
#HMCY8XT4DR,Faire
#R7CD4N3VVE,Faire
#KZHYGT3JH3,Faire
#ZY23VETNA2,Faire
#GM2JDYGQPN,Faire
#6MDUX3X3JU,Faire
#Q9VGUBR5J8,Faire
#KZDTY3XC92,Faire
#KMHPR4A2B2,Faire
#7484ANFDY3,Faire
#WQGYG4C59R,Faire
#DEAN4WWSE6,Faire
#8SHGB8S6ZT,Faire
#5M3HPVXMA4,Faire
#CTHH84EMSW,Faire
#T932FJAY3T,Faire
#5BJKCBQXGP,Faire
S04051,MARCH25_5%Promo
S04050,MARCH25_5%Promo
S04049,MARCH25_5%Promo
S04047,SAMPLE PACK
#D5FENFDMRW,Faire
#JGM6H22NGD,Faire
#N86827K236,Faire
#KEDPFGJMEC,Faire
#4CJQKJZK35,Faire
#3Q5XZ3XE4Y,Faire
#7TJ4ZTV9PM,Faire
#H69EYTUM64,Faire
#96STFTCQEH,Faire
#B5USSMYC49,Faire
#K44NTDZGET,Faire
#PZ4UEHEA6G,Faire
#E55ATKVVTG,Faire
#K2X3SXDXP4,Faire
#3NHNTCDV29,Faire
#3NHNTCDV29,Surf Expo
#VAC7YMKDMZ,Faire
#UHS7424QXK,Faire
#Y3G3VTRS7Z,Faire
#TNZU5QJVVY,Faire
#MHVD5GT92J,Faire
S04039,JEWELRY
S04038,JEWELRY
S04037,JEWELRY
S04036,JEWELRY
S04034,JEWELRY
S04033,JEWELRY
S04032,JEWELRY
S04030,JEWELRY
S04031,JEWELRY
S04029,JEWELRY
S04035,JEWELRY
S04040,MARCH25_5%Promo
#2KRZVWUHDE,Faire
#F8BAND6FQ8,Faire
#W7UMPXVG8D,Faire
#FQK3K2ESC7,Faire
#F6B9H2TJUN,Faire
#NY5X8GJD3N,Faire
S03998,MARCH25_5%Promo
S03997,MARCH25_5%Promo
S03996,MARCH25_5%Promo
S03990,MARCH25_5%Promo
S03992,JEWELRY
S03991,NEW ACCOUNT
S03991,APPAREL
#N24SXPVRG9,Faire
#PY8SMGGXDK,Faire
#MNG9XAXR86,Faire
#ZVX5K6KKWE,Faire
#CGUE7M78MT,Faire
#Y7QQCUT2EQ,Faire
#T7Y895BC6X,Faire
#4D42UFKE9Q,Faire
#4WBGMFZJW5,Faire
S03320,Faire
S03320,surfexpo_Jan25
#G5FT6XV5CN,Faire
#VEFQ8PHBCR,Faire
#PXSU7AP7Q7,Faire
#NSJ5UV2QM9,Faire
#38G63XCWEA,Faire
#KB4QCUXFPT,Faire
#WSCJRJD7VC,Faire
#4BAHDFQUEQ,Faire
S03984,MARCH25_5%Promo
S03985,MARCH25_5%Promo
S03985,MARCH25_5%Promo
S03973,MARCH25_5%Promo
#UAR4TPBJMD,Faire
S03831,MAGICLV_Feb25
#KW56GG3RHF,Faire
#QWDNP7QFZF,Faire
#SYJ6VE4XJV,Faire
#RMSBN8TT6Q,Faire
#UFRF3PWFEE,Faire
S03981,JEWELRY
#RNANVPBEYZ,Faire
#5YWTR5E6EX,Faire
#QK6G4KH4VA,Faire
#34NC5GWHH5,Faire
#P3BC5D3YED,Faire
#6KQW9YUVWM,Faire
#437B3JYFPF,Faire
S03979,MARCH25_5%Promo
#CACZXNBMDZ,Faire
#NKNBSUHJU4,Faire
#UF6PKV8GJW,Faire
#NEVARREB9A,Faire
#FB9HMGVR75,Faire
#CD7GWD82EU,Faire
#87YFECD7KC,Faire
#VE8TBCD6DW,Faire
#S8RQWWXZDF,Faire
#SNBMV7BAQN,Faire
#C4D8SQQ3PB,Faire
#8E2ZA4JDNC,Faire
#BUXP4U58DD,Faire
#UTN8EG5AF4,Faire
#BPYXMHA48Y,Faire
#KPRC6K3A5Q,Faire
#A7G4NFPYDX,Faire
#FYGCR7FXSW,Faire
#8CTXYY55AP,Faire
S03966,new door
#CTQ4GW847C,Faire
#U7EHZW8VQE,Faire
#7SC7BXP26V,Faire
#U7RZVV3X2B,Faire
#NVH3S38U8F,Faire
#2CGPBSQ3X7,Faire
#EF43GQW7FB,Faire
#62PTHZRHX7,Faire
S02828,SURFEXPO_Sept24
S03946,MARCH25_5%Promo
S03452,surfexpo_Jan25
S03960,NEW ACCOUNT
S03311,surfexpo_Jan25
S03460,surfexpo_Jan25
S03626,surfexpo_Jan25
S03589,Remote Show Special
S03589,surfexpo_Jan25
#3EBC8UYEPX,Faire
#2H3JGHJ6BU,Faire
#4X8XWQNJMZ,Faire
#RTZSYZ5WTP,Faire
#U2FQBKNSYK,Faire
#TFX5WGQHX5,Faire
#JUGQFG7FCK,Faire
S03713,MARCH25_5%Promo
#3DRY65TZEV,Faire
S03944,MARCH25_5%Promo
#CUXE4QVSMK,Faire
S03961,MARCH25_5%Promo
#UNRDB8REK3,Faire
#XQU9PTGM8X,Faire
#B7K88UBAXD,Faire
#632Y9HC5H7,Faire
#JPBWCTFZFY,Faire
#HHV3QT6JZY,Faire
#7E6R7DVPCW,Faire
#7PG6VQWGCH,Faire
#QQPZTCUD2B,Faire
#CE3MU982EG,Faire
#VBQVMXXS4E,Faire
#SEP69BBNPV,Faire
S03942,NEW ACCOUNT
S03954,MARCH25_5%Promo
S03951,SAMPLE PACK
#MBQYMEU5G5,Faire
#GU5NVRS6AV,Faire
#2Y2E2SPPJN,Faire
#SMWGF8XU5C,Faire
#6M8FNU2AEK,Faire
#RMQASN5H7U,Faire
#2EFQVASEN7,Faire
#37862M3W8T,Faire
#KWS93V822A,Faire
#ZARGSXY626,Faire
#69FCRBSYZK,Faire
#DTKK9U2C2T,Faire
#KJAQ9BDRMW,Faire
#863JPKRWBT,Faire
#863JPKRWBT,new door
#GBHN5V4HTH,Faire
#2M45FV8KWR,Faire
#WDADQMFQ6M,Faire
#C494SEC35K,Faire
#AR8U9V5YT2,Faire
#CBPZYCQDBF,Faire
#SMSM9NGCRA,Faire
#BSRF86N8YN,Faire
#M9C2BEWJ6Y,Faire
#C2Y6ZQ2CX5,Faire
#3QR474QB2P,Faire
#M8RA3CPACB,Faire
#8SMYDBQHC4,Faire
#XXZ8XT2F3S,Faire
S03346,surfexpo_Jan25
S03591,surfexpo_Jan25
S03410,surfexpo_Jan25
S03627,Remote Show Special
#V7FR3SR76T,Faire
#A4DRZF95AN,Faire
#ZGRWUBBV59,Faire
#YRBZGSKJ9C,Faire
#FWJTMRH9MF,Faire
#PMT9TSHMT8,Faire
#ZCYG36REDT,Faire
#Y8K6APD8PF,Faire
#AGZAR4M3WD,Faire
#6DUH8WTQ2F,Faire
#C3TGCGNUT2,Faire
#4FDW3KEVE6,Faire
#KPNAHBU6E4,Faire
#AHPNHZ8MNU,Faire
#HT5BCFN8YB,Faire
#QGFJTKN7WY,Faire
#FGDAZ2W5QA,Faire
S03935,JEWELRY
#Y6ETDXZYCU,Faire
S03601,surfexpo_Jan25
S03802,MAGICLV_Feb25
S03420,surfexpo_Jan25
#9REQEYKEKT,Faire
#4S4Q8ZBXAR,Faire
#2GACC5837X,Faire
#E95MFAXPA3,Faire
#N2MHR7APUP,Faire
#SH4GUF6TNB,Faire
#VSJRS3DWY8,Faire
S03928,JEWELRY
S03927,JEWELRY
S03922,JEWELRY
S03597,surfexpo_Jan25
S03604,surfexpo_Jan25
S03918,REP SAMPLES
S03537,surfexpo_Jan25
S03538,surfexpo_Jan25
#Z3NZ5ZHYVM,Faire
#MKFGJQWPMX,Faire
#BJBE4D9TET,Faire
#XXYRBKEGBZ,Faire
#6UDC5TPGFW,Faire
#65PCD9GF3N,Faire
#QGR48NCVEG,Faire
#ARYPX6DX64,Faire
#6VSY95MCHX,Faire
#K7J59USNR3,Faire
#A8DTSGE4EU,Faire
#X92Y9QUG3T,Faire
#TT8PPSCZGU,Faire
#QY6WA4AAWY,Faire
#4CB8DJ2N8S,Faire
#GRPR99FWRT,Faire
#GRPR99FWRT,NEW ACCOUNT
#W8PY78U8MD,Faire
#QNR58U6HJ7,Faire
#EKF8S34BMB,Faire
#6QNK6XM6XZ,Faire
#ZTXM3YB4VC,Faire
S03911,SAMPLES
S03527,surfexpo_Jan25
S03528,surfexpo_Jan25
S03476,surfexpo_Jan25
#HWT5YJMWMJ,Faire
#VP75WJ63TH,Faire
#4YWGY2K7PW,Faire
#H3NG57YEMV,Faire
#UBQNGFJWDH,Faire
#7D5QAF6S6K,Faire
#H7R23XYMQS,Faire
#FMNQPQY65U,Faire
#V2UT24S3MA,Faire
#2DY73CBW6Y,Faire
#V8N53N65RQ,Faire
#9WSYEN5YSF,Faire
S03540,surfexpo_Jan25
#6QPFSFG86N,Faire
#RH7Q485HE6,Faire
#9WEFR4MKVY,Faire
S03289,Remote Show Special
S03289,surfexpo_Jan25
S03461,NEW ACCOUNT
S03461,surfexpo_Jan25
S02789,SURFEXPO_Sept24
#PV4NRGKWQA,Faire
#XPDYZRKW7H,Faire
#9ZY9KVHNYU,Faire
#UHX527HYVH,Faire
#ZXHJUEVBMX,Faire
#68S6DVTNK2,Faire
#UFFBYNQSVN,Faire
#A3JGXYTJVQ,Faire
#RUXUQNFFSD,Faire
#2TMZNVY2W3,Faire
S03513,surfexpo_Jan25
S03658,REP SAMPLES
S02798,Surf Expo
#Z5XSKKHJAD,Faire
S03559,surfexpo_Jan25
#72ZNESTV7H,Faire
#6Q6W8VPC39,Faire
#4YDRF5FKWW,Faire
#4JCR58H8AW,Faire
#F36TRETVNW,Faire
S03893,JEWELRY
#N2JQRBJWKV,Faire
#QATFPAD273,Faire
S03832,NEW ACCOUNT
S03832,FREE SHIPPING
S03832,MAGICLV_Feb25
S03425,new door
S03425,surfexpo_Jan25
S03424,new door
S03424,surfexpo_Jan25
#9VF89JMDQM,Faire
#8G4CQZ4S3U,Faire
#4HN357ASEQ,Faire
#9SK4PPR4HP,Faire
#YDZRW2BKCK,Faire
#NQ6R7S8C58,Faire
#7NYY3CMA5X,Faire
#QFAVF3A4Q7,Faire
#R5AYZBFTYR,Faire
#G6SKU5HYFQ,Faire
#F4ZZXS5EWY,Faire
#SBKVUXWQ4C,Faire
#GHRJ3ZP57V,Faire
#QF8KX885Z9,Faire
#FTKNJD8SFS,Faire
#YFAFK5M3JE,Faire
#NJ6U5J3EV3,Faire
#JFR6JC8P7G,Faire
#R8THXK6H2B,Faire
S02790,SURFEXPO_Sept24
#6JCXE9PS6Q,Faire
#8HRW3PWBYH,Faire
#78C5B4QJCW,Faire
#78C5B4QJCW,NEW ACCOUNT
#KXVPU8974W,Faire
#2U7F639PQ4,Faire
S03412,surfexpo_Jan25
#A7GZBXTKRA,Faire
#GF3ABKGBJN,Faire
#EH3TN9N5KR,Faire
#UUZSJFKSE5,Faire
#VJK8DWUHNV,Faire
#B7WT76Q6RG,Faire
S03863,SAMPLE PACK
#WKKZWYJ2MM,Faire
#74UZCZSZYH,Faire
#7S5SYVSP55,Faire
#SSXTU528P4,Faire
S03552,surfexpo_Jan25
S03551,surfexpo_Jan25
S03550,surfexpo_Jan25
S03548,surfexpo_Jan25
S03549,surfexpo_Jan25
S03547,surfexpo_Jan25
S03555,surfexpo_Jan25
S03554,surfexpo_Jan25
S03391,surfexpo_Jan25
S03553,surfexpo_Jan25
#3UUY8GWEVQ,Faire
#BK6X2S7KV7,Faire
#V77NDH2MW4,Faire
#DN9R3JTANT,Faire
#CTHP8S3PCQ,Faire
#ADQE4FYSGS,Faire
S03593,suggested order
S03593,Remote Show Special
S03593,surfexpo_Jan25
S03854,SAMPLES
#8Q52QC83AD,Faire
#F4M3JRCETE,Faire
#NKNR8DX3AK,Faire
#GP5BJUQ42Z,Faire
#2KKFJ3A5VP,Faire
#KBXNZYN7J2,Faire
#YBRSRJUBXD,Faire
#EFGG5TSES5,Faire
#XKDF5UJTHS,Faire
#5BV4NZZ239,Faire
S03851,new door
#N7YHHMQMEH,Faire
#S5A5XRXJAZ,Faire
#QAEPMM5BB5,Faire
#8Q7NQMT4NQ,Faire
#P93YJWMJWP,Faire
#MMN22K7NTT,Faire
#SEA8UXP6XW,Faire
S03849,MAGICLV_Feb25
S03848,MAGICLV_Feb25
#T9HWJR546C,Faire
#YXANMRCQM4,Faire
#NA4QRTGU2E,Faire
#2HEJXGHAM5,Faire
#WFVDAJNFHQ,Faire
#K56AZ24M2S,Faire
#2MGAAR88YU,Faire
#GXMYPTFGMB,Faire
#RBN7GCUZF9,Faire
#C54YTR5EYR,Faire
#SE7N3BGN2Y,Faire
#H98BZACEQD,Faire
#B5N2T6PM7F,Faire
S03821,NEW ACCOUNT
S03821,MAGICLV_Feb25
S03841,SAMPLE PACK
S03803,NEW ACCOUNT
S03803,MAGICLV_Feb25
#7GEXGEHDGU,Faire
#94QSBKEUZV,Faire
#5SW6TMCSZS,Faire
S03838,REP SAMPLES
S03640,surfexpo_Jan25
S03414,new door
S03414,surfexpo_Jan25
S03798,NEW ACCOUNT
S03798,MAGICLV_Feb25
#54B9Z2S6EK,Faire
#T29ZHTCJ8P,Faire
#ATGPU8MG8M,Faire
#3232JAUEU7,Faire
#Z7ZU2NGT8Q,Faire
#592X5YMNW4,Faire
#KEBD8HSSSR,Faire
S03785,NEW ACCOUNT
S03819,MAGICLV_Feb25
#ST655PFYN8,Faire
#DHNMAHF8YV,Faire
#22ZY2DYNWY,Faire
#U3N5G33S3V,Faire
#SPJ2D4YU2E,Faire
#NJXE9ADVHS,Faire
#M7U9YVPD2Z,Faire
#Z9KBTWV938,Faire
#H57C9K6C5Z,Faire
#8P9R9DMBGG,Faire
#S44ZZEYJ8M,Faire
#8R2R5D3NWS,Faire
#ZZDVCF45UB,Faire
#W59SC32GBW,Faire
#3JSS7EVU39,Faire
#MTV59YME2H,Faire
#HQBVBCKW3F,Faire
#7YJ4XF76M6,Faire
#6ZM2BMC23A,Faire
#KXBWDR6ASZ,Faire
S03833,JEWELRY
S03507,surfexpo_Jan25
S03612,surfexpo_Jan25
S03608,surfexpo_Jan25
S03825,MAGICLV_Feb25
S03799,MAGICLV_Feb25
S03308,surfexpo_Jan25
S03812,surfexpo_Jan25
#9BFKAJ9V3B,Faire
#W9MG5ZXC54,Faire
#CDJGFYXKU8,Faire
#UQ78TM63KK,Faire
#74UWWJPQ82,Faire
S03797,MAGICLV_Feb25
S03805,NEW ACCOUNT
S03808,SAMPLE PACK
#NNG43GF2G9,Faire
#ZFZDC37537,Faire
#WFW5P979TF,Faire
#WQDSFTENWR,Faire
#26C4DEXBEW,Faire
#6VHB6Y6FA6,Faire
#VC78NTXDGC,Faire
#4DW3288AGE,Faire
#G6ZFK3TFWB,Faire
#N7CK9MS8SV,Faire
#BJ27QTAV2X,Faire
#HF5K7TFECB,Faire
#72PCRXN68E,Faire
#2KS9TXQESE,Faire
#S3TJ82PUHT,Faire
#UXMP4XG92N,Faire
#ZNWRM3TMUV,Faire
#UPY4796PFJ,Faire
#GP73FXJ39B,Faire
#Y3EUQ9V993,Faire
S03644,surfexpo_Jan25
S03786,new door
S03790,new door
S03789,new door
S03788,new door
#U2DUQ3R6HH,Faire
#5WXWTSFMGV,Faire
#YKNY943WD9,Faire
#P6D4TKHGYQ,Faire
S03606,surfexpo_Jan25
#EKPUF46HGH,Faire
#F73RDK648P,Faire
#CSG6MKQ48Y,Faire
#JK5C8EHFEE,Faire
#KE7RATRMC7,Faire
#Z5PPRPZ72U,Faire
#JH2XPDNSQ6,Faire
#4PSYTJMJVK,Faire
#Q3KK2VTRWA,Faire
#X7YJ72NHRA,Faire
#65W59BYTAS,Faire
#AHPURFQUY2,Faire
#2NQPH25EYX,Faire
#V5PBA8TDP9,Faire
S03774,SAMPLE PACK
#G92Q3CGR2K,Faire
#WPMDCCGSGW,Faire
S03770,SAMPLES
S03766,PERSONAL GIFT
S03742,JEWELRY
S03741,SAMPLE PACK
#EC2Q64F846,Faire
#AJVT9VQ6Z6,Faire
S03740,SAMPLE PACK
S03377,surfexpo_Jan25
S03637,Remote Show Special
S03637,surfexpo_Jan25
#ZCPU4B9CUW,Faire
#3RV2U5A66J,Faire
#FGVN84D9BT,Faire
#2EZEKAF6FJ,Faire
#TTQ32QWETT,Faire
#4UFHWMHZGQ,Faire
S03728,SAMPLES
S03724,SAMPLE PACK
S03723,SAMPLE PACK
#VMCW949MS9,Faire
#66Z5SY4T2R,Faire
#WA8XGP57T9,Faire
#9ZB9QPCUT3,Faire
#K3WF4JQWMM,Faire
#2Y24YD26PH,Faire
#HSHMP3G8DJ,Faire
#RV885MXCSU,Faire
#BPHG96NJHE,Faire
#BGWHP5AM3D,Faire
#CE7CG8Y6BK,Faire
#QQKZDX4PEK,Faire
#G75DB6CW24,Faire
S03719,SAMPLE PACK
S03718,JEWELRY
#9JPB24K8DM,Faire
#WKDN68A8X3,Faire
#B5W4P2FMAY,Faire
#HYS3F35P6T,Faire
#MCRK87JPX8,Faire
S03686,Backorder
#XNPVCJ7AEJ,Faire
S03677,NEW ACCOUNT
#NX9NXBJCWD,Faire
#9GKVW2ZT5J,Faire
#BWJTUCZNJP,Faire
#JCCW23UARB,Faire
#8R53DHPG5J,Faire
#5AGF8VDW5S,Faire
#QKKP6Z3467,Faire
#TZCCKJTY9N,Faire
#VCS37RRSM5,Faire
#9M9K3E4WTH,Faire
#EARBPAKAPC,Faire
#N8PYM85ZMP,Faire
#BARKPSA9V8,Faire
#WD2AN774KB,Faire
#ZCD77MMQXW,Faire
#6JGZ4BWGJ4,Faire
S03345,surfexpo_Jan25
#KAZPXNHRT5,Faire
#5WEZH46KAW,Faire
#UQVS6H3KZ4,Faire
#R53QECH3NE,Faire
#FYJMNMR4YA,Faire
#R7QDXHFV3E,Faire
S03146,NEW ACCOUNT
#DWDDF8TUVE,Faire
#DWDDF8TUVE,NEW ACCOUNT
#ZRBBYRSGYY,Faire
S03341,surfexpo_Jan25
S03341,Backorder
#HWHXNSY2F4,Faire
#MKNSHT3TGH,Faire
#Q9JV9E98W2,Faire
#AMDVPRK65M,Faire
#DDB6FFV3Y4,Faire
#3DARE8U49U,Faire
#F6JF6CG9JG,Faire
#HH598QUEP7,Faire
S03623,NEW ACCOUNT
S03490,NEW ACCOUNT
S03490,surfexpo_Jan25
#X2U6KBA7ZF,Faire
#MX4JH4RG4N,Faire
#B9UAP2YG29,Faire
#Z4MC5F8USE,Faire
#ZQHDYWMRA4,Faire
#EWD6D37JVP,Faire
#W67NNV2XHE,Faire
#ERWPHBDKUF,Faire
#C36PS8WPT2,Faire
#WXMM5ZQGAJ,Faire
S03638,surfexpo_Jan25
S03639,surfexpo_Jan25
S03641,surfexpo_Jan25
S03642,surfexpo_Jan25
#8E6SXSS25B,Faire
#VMEABRM9XU,Faire
#4XVJF9ANJA,Faire
#6GY9UCDSAH,Faire
#34MAEVGQKT,Faire
#T7VE9KK44V,Faire
#R5QRW7YKMR,Faire
#5NAC4V5A4V,Faire
#QSV8296C4Y,Faire
#VREPRDAE5B,Faire
#KG5SZGJJZ8,Faire
#PZCJVS87BP,Faire
#X2JNUSHNMG,Faire
#GX4C4CP8V2,Faire
#5ZW76X59J9,Faire
#NR3W6XGT8M,Faire
#YKEDA7C2YW,Faire
#Y4A8369WZ8,Faire
#YA3KWD4K2N,Faire
#6S4KZXQPXA,Faire
#YFEBGYMKXS,Faire
#Q3A87DEAAJ,Faire
#PEP7AF6NM4,Faire
#GHF3APNGW5,Faire
#G5JTHXAZZM,Faire
#RAAEMG8H2V,Faire
#6SFHYWD4BK,Faire
#787SQ62W2M,Faire
#J54XM2QPZ5,Faire
#PGD2CSYUV5,Faire
#JGU38PUXFF,Faire
#CRV4UYT77W,Faire
#2P2V5G64U8,Faire
#DFJ2V3T4EP,Faire
#HSE4BWKTUW,Faire
#BGKA3CR35Y,Faire
#XRJPB4ADNR,Faire
#BSM6SD3HT2,Faire
#223VKZUH9Z,Faire
#E6TN5EQWU6,Faire
#YDRKFFQM8A,Faire
#TUE9Z2NF3N,Faire
#VAJYB99Y8S,Faire
#N95WYXP3SD,Faire
#7HDUS2UW7F,Faire
#63NKTNEZ6P,Faire
#GXGCRZ2BFM,Faire
#3G6K48PSKQ,Faire
#KX7DQYA8GZ,Faire
#ZVSMY26Y8S,Faire
#GBW93Z97B9,Faire
#SP6F828TBN,Faire
#FTD3GVH8EU,Faire
#CRGSYTKK2A,Faire
#R3M46K4PE7,Faire
#WAV6KKDGJN,Faire
#6TGEKJZGC4,Faire
#QB5S37G9WC,Faire
#YC2CVDTH54,Faire
#295GVRQHU4,Faire
#CVRKEX7PMV,Faire
#GZUPY5AZ4T,Faire
#6B2SS7PUQ8,Faire
#V3KKPF8P9F,Faire
#54QEMENCU3,Faire
#CZ8ZBBE7DY,Faire
#FVTSEP6BK8,Faire
#MZZD4A7AB3,Faire
#U974JTQK3A,Faire
#APGGHU8YBH,Faire
#EHR6SHQ58X,Faire
#Y9RBSB83ZV,Faire
#VEWK8B7GKW,Faire
#3EG8FR9GZW,Faire
#7SCP46489U,Faire
#2WAYABPPSF,Faire
#7HDXA3WATU,Faire
#S8E34VNYF5,Faire
#8RSH53HJA3,Faire
#HXH7PCB5CQ,Faire
#XPBBVVKZCY,Faire
#HCD6ZR3Z56,Faire
#24XXJN373G,Faire
#GPM7R96KZ5,Faire
#GQ3H6V5EPH,Faire
#8BS4855D3N,Faire
S03450,surfexpo_Jan25
S03667,surfexpo_Jan25
S03649,Remote Show Special
S03649,surfexpo_Jan25
S03426,surfexpo_Jan25
S03665,surfexpo_Jan25
S03664,surfexpo_Jan25
S03659,SAMPLES
#JUWR6YKX7Y,Faire
#5CRTEJT53Y,Faire
#UVKW85C7GK,Faire
#SY2RS4BNKS,Faire
#56CYQ99A5Z,Faire
#ZVTPMQZAWG,Faire
#44TFBZ9GJC,Faire
#CQC7CS7SPD,Faire
#2YWX25YT52,Faire
#YJE322FACZ,Faire
#CHGH989HBA,Faire
#NVN585FPYW,Faire
#YA4TQYXMPH,Faire
#PQ85UYAH26,Faire
#B85RG5FC9J,Faire
#PS2VTGP85E,Faire
#TRHKFFK8UU,Faire
#NZ826CW9WK,Faire
#NAZ8DXKUCQ,Faire
#TDJYTNGQ64,Faire
#4UXEJCEH9P,Faire
#MVNEWPGCQ7,Faire
#P27PU53A7R,Faire
#WBVMBZK7S4,Faire
#663RUT9UZ2,Faire
#KS5ZFJ429D,Faire
#KPNQ9S6KDV,Faire
#RKVAT7PHSP,Faire
#YM89FVRNMA,Faire
#DN6FNGG744,Faire
#TXQ2FKDFNS,Faire
#2895DPY26Q,Faire
#U68FJMXP2G,Faire
#Y3S4GWF7ZH,Faire
#T3YR5JNWVS,Faire
#H2NXN5RTQZ,Faire
#PKH6A9Q7DZ,Faire
#2NVTJZ3YWB,Faire
S03585,surfexpo_Jan25
S03566,surfexpo_Jan25
S03326,surfexpo_Jan25
#SHUZRU5DT7,Faire
#AB6GM2YTGP,Faire
#8H7DM8NH2F,Faire
#WE3ECTYUUT,Faire
#67W2M5B27Y,Faire
#EG2JJ9DATS,Faire
#6H62BT4WSW,Faire
#4SPB6TB6K4,Faire
#J479VSBBWH,Faire
#5KX9N4ZA37,Faire
#SARH6DY52V,Faire
#RGJ6BVPM78,Faire
#T75BMZQRRR,Faire
#RF7QQWYEW2,Faire
#TCTZ62NY7Q,Faire
#69BKVE4BDN,Faire
#VG7FWWCXE6,Faire
#VFVHK6UP74,Faire
#6NG55NNVAR,Faire
#AN4QGY2HWC,Faire
#GNPFMWFD6F,Faire
#5M9P555872,Faire
#TD3VT39WX8,Faire
#SMCKZ3KCUS,Faire
#4GQ8KMCVEQ,Faire
#Y8X4QTFM5Z,Faire
#NQN5GHASU4,Faire
#3YPQASBMKT,Faire
#7H7GCHAN2K,Faire
#EADVMC9ECV,Faire
#JBRUBQZB3J,Faire
#UCHTNPANWD,Faire
#UP6J4WHUUA,Faire
#8DX5TV6MYG,Faire
#NSFPW4GQXP,Faire
#96RSGS8SGV,Faire
#R4Y667S95Q,Faire
#2SCF68UUXM,Faire
#SZ4R8VEX66,Faire
#JZGP6BNBZE,Faire
#WF3TVTAKRG,Faire
#QHDCXC83W2,Faire
#B6H25GKR9K,Faire
#CASCNDB2NB,Faire
#R6K72ZYWVR,Faire
S03492,NEW ACCOUNT
S03492,Remote Show Special
S03492,surfexpo_Jan25
S03421,surfexpo_Jan25
S03477,surfexpo_Jan25
S03512,surfexpo_Jan25
S03526,surfexpo_Jan25
S03650,Remote Show Special
S03650,surfexpo_Jan25
S03648,surfexpo_Jan25
S03616,surfexpo_Jan25
S03212,NEW ACCOUNT
S03213,NEW ACCOUNT
S03603,surfexpo_Jan25
S03629,surfexpo_Jan25
#NTZ69HNDAM,Faire
#JJ47JBARAG,Faire
#TF8227FBF4,Faire
#77C69ZSTW5,Faire
#HADMC7BBZ9,Faire
#V5S3B85E2D,Faire
#4HHHGCX94F,Faire
#VG93M9PCR8,Faire
#ZZ6DZHFAHP,Faire
#TKEQSDBDE7,Faire
#6T9X8HBMEX,Faire
#UW6WYGKSYR,Faire
#DXJSMD8W5C,Faire
#97J3ECXJKF,Faire
#WBKEWV4W5R,Faire
#2CDEYZRM9F,Faire
#KK6EZSKR2G,Faire
#9ZTFDKTH98,Faire
#BG9NQQRF68,Faire
#5V4RGJ4UZZ,Faire
#JNEMEXPBVA,Faire
#257W34X8EJ,Faire
#DWYFYRJJP6,Faire
#CY5YHVAKJE,Faire
#SDQB43CEQS,Faire
#3GAXJBU3GT,Faire
#MTNKHWK6JV,Faire
#NNJSQBKTU8,Faire
#NUDT5ZAH62,Faire
#REXKSASNXP,Faire
S03633,surfexpo_Jan25
#GEZMAPK86X,Faire
#T7VFBJR5EX,Faire
#KET44W3KQH,Faire
#YQWDSWGV4N,Faire
#DNWTWZGKPU,Faire
#VBTVHSYXGZ,Faire
#HSU8G88BA4,Faire
#EG36NXYWYC,Faire
#R523X6AG6K,Faire
#M3V7J9BG4H,Faire
#9X595DHMTR,Faire
#6KD7CJW5EP,Faire
#JYAU4V98JQ,Faire
#3V3NR4BMEE,Faire
#VDQHHS3ZY3,Faire
#5Y8A4FNQFQ,Faire
#UMC4KV6Z7T,Faire
#URB2ZB28HG,Faire
#EFZMUW54MA,Faire
#2NDCXY94AZ,Faire
#AFKB7V32GR,Faire
#536HMBBZQ2,Faire
#EMQV42DEQP,Faire
#D9WGMNSVRV,Faire
#YX9DZEWGEA,Faire
#RTPQDB99FR,Faire
#UG6K5GSEPR,Faire
S03618,NEW ACCOUNT
S03618,FREE SHIPPING
S03618,Remote Show Special
S03480,surfexpo_Jan25
S03622,DROP SHIP
S03619,Remote Show Special
S03619,surfexpo_Jan25
S03416,surfexpo_Jan25
S03587,surfexpo_Jan25
S03611,Remote Show Special
S03611,surfexpo_Jan25
S03609,Remote Show Special
S03609,surfexpo_Jan25
S03602,surfexpo_Jan25
S03588,Remote Show Special
S03588,surfexpo_Jan25
#8H2A8A9HHF,Faire
S03446,surfexpo_Jan25
S03571,Remote Show Special
S03571,surfexpo_Jan25
#ES57X93EUT,Faire
#MXV7PQRXC4,Faire
#72VMFSCWA6,Faire
#KZQM8X6B47,Faire
S03600,surfexpo_Jan25
#8F8QNTFEZG,Faire
#MZQS556FTN,Faire
#82DE4F8AC7,Faire
#9AUMFFV4D6,Faire
S03519,surfexpo_Jan25
S03417,surfexpo_Jan25
S03518,surfexpo_Jan25
S03288,Remote Show Special
S03288,surfexpo_Jan25
S03256,NEW ACCOUNT
#2BX64EEXBT,Faire
#CXZVG7AWS4,Faire
S03422,surfexpo_Jan25
S03483,Remote Show Special
S03584,Remote Show Special
S03584,surfexpo_Jan25
S03583,Remote Show Special
S03583,surfexpo_Jan25
S03582,Remote Show Special
S03582,surfexpo_Jan25
S03578,Remote Show Special
S03578,surfexpo_Jan25
S03577,Remote Show Special
S03577,surfexpo_Jan25
S03576,Remote Show Special
S03576,surfexpo_Jan25
S03575,Remote Show Special
S03575,surfexpo_Jan25
S03572,Remote Show Special
S03572,surfexpo_Jan25
S03565,NEW ACCOUNT
S03565,Remote Show Special
S03565,surfexpo_Jan25
S03491,NEW ACCOUNT
S03491,surfexpo_Jan25
S03454,surfexpo_Jan25
S03453,surfexpo_Jan25
S03508,NEW ACCOUNT
S03508,surfexpo_Jan25
#C5XZ9F2T9Y,Faire
#UZMKEDUHCX,Faire
#KC9UYADGN5,Faire
S03427,surfexpo_Jan25
S03392,SAMPLE PACK
S03502,Remote Show Special
S03502,surfexpo_Jan25
S03497,Remote Show Special
S03497,surfexpo_Jan25
S03534,Remote Show Special
S03534,surfexpo_Jan25
S03495,Remote Show Special
S03495,surfexpo_Jan25
#ZWP6JMP4A3,Faire
#RDR4BCH8Q5,Faire
#2YD5D6TEMT,Faire
#8NM3GX4AVP,Faire
#G6AWK87YQQ,Faire
#HA5FWVE2J7,Faire
#GWVM9S3TGU,Faire
#6KW4FP8CUC,Faire
#X5XYEE92EV,Faire
S03448,surfexpo_Jan25
S03462,surfexpo_Jan25
S03511,surfexpo_Jan25
S03517,BUYER GIFT
S03457,surfexpo_Jan25
S03458,NEW ACCOUNT
S03458,surfexpo_Jan25
S03510,surfexpo_Jan25
S03456,surfexpo_Jan25
S03496,Remote Show Special
S03496,surfexpo_Jan25
S03390,surfexpo_Jan25
S03388,surfexpo_Jan25
S03482,Remote Show Special
S03423,surfexpo_Jan25
#6DUNMVC6DC,Faire
#7QYVMQ336F,Faire
#X2WQGCE62U,Faire
#BNQQ29USGX,Faire
#C8CRHCYT9C,Faire
#DXY9VP94A8,Faire
#FT6D9WE2CV,Faire
#X3NVJFHAH9,Faire
S03292,NEW ACCOUNT
S03343,Remote Show Special
S03343,surfexpo_Jan25
S03348,NEW ACCOUNT
S03348,FREE SHIPPING
S03348,surfexpo_Jan25
S03389,surfexpo_Jan25
S03381,surfexpo_Jan25
S03329,surfexpo_Jan25
S03328,surfexpo_Jan25
S03330,surfexpo_Jan25
S03331,surfexpo_Jan25
S03332,surfexpo_Jan25
S03333,surfexpo_Jan25
S03334,surfexpo_Jan25
S03335,surfexpo_Jan25
S03336,surfexpo_Jan25
S03337,surfexpo_Jan25
S03338,surfexpo_Jan25
S03339,surfexpo_Jan25
S03307,NEW ACCOUNT
S03307,surfexpo_Jan25
S03340,surfexpo_Jan25
#R8AZV49EG8,Faire
#PZG3QUA9EF,Faire
#WHKBV8EMXF,Faire
#BV4YT794W2,Faire
#8Y54PQKFMD,Faire
#Z3YX5B6W7Z,Faire
#ZETWEDYF3U,Faire
#WFNPAV7HYM,Faire
S03323,surfexpo_Jan25
S03321,surfexpo_Jan25
#76JCQYUX5Z,Faire
#FXMHJRJPRP,Faire
S03318,REP SAMPLES
S03315,surfexpo_Jan25
S03312,surfexpo_Jan25
#CDY5D5FD8Z,Faire
#4BEWJ64VBF,Faire
#C58E25VA4A,Faire
#R9A7GY4F3K,Faire
#5NZSS68W33,Faire
#FASHVKE47M,Faire
#AD5AJNTBCM,Faire
#BWG58ESN4P,Faire
#KA92X88MSY,Faire
#6TSDA6YHNB,Faire
#KQC2G8D5YQ,Faire
#PYBC9YS48R,Faire
#PH688G25WZ,Faire
#WB29U6SCYV,Faire
#YGV28TVAQX,Faire
S03293,JEWELRY
#PRSVQXC7XS,Faire
#YT79M43VFW,Faire
#RAT4Q6CBW8,Faire
#MPE5NRAMPM,Faire
#N3KTWWASEN,Faire
#6EAPA3HNHQ,Faire
#GB2B72EXF8,Faire
#36HZF3RWXU,Faire
#QHBF37ANHH,Faire
#TPNPCQKSSS,Faire
#XE539DSH4S,Faire
#22WZBEYR2Y,Faire
#B9EB6G9P8J,Faire
#ADZM6MEPWM,Faire
#BWYMJ2GDWJ,Faire
#2Z4E7PE6Q8,Faire
#XSMFMSUGQX,Faire
S03283,SAMPLE PACK
#3PQYP2KMV5,Faire
#YARSBDVY4E,Faire
#8GS5TCWUT3,Faire
#GJ5TH739QG,Faire
#BN3Y3DSK9V,Faire
#AX4TZQR2Z7,Faire
#4DHZ6BZ3UC,Faire
#U6VFZHUN6C,Faire
#FEADYVX8KX,Faire
#4HPTUAPSXC,Faire
#KWJFMF95RH,Faire
#GDY2P2Z9NT,Faire
#UE8JMU6YZV,Faire
#8X6W83T32X,Faire
S03277,surfexpo_Jan25
#K7Y8WZ5Z77,Faire
#DBWSRWDN7G,Faire
#JPJZG8NYHB,Faire
#XYMS95BGMS,Faire
#UFG9R69H87,Faire
#CHFAYA4T7C,Faire
#WQ3D5B83PW,Faire
#6PPFPWEVZG,Faire
#S3ZAADURSJ,Faire
#7XSGXC2X5F,Faire
#XNJDSWHAJC,Faire
#NMYBJN4Q26,Faire
#8GZ8T54DFB,Faire
#842NHXRYRV,Faire
#RP6ESTFPF3,Faire
#YEA7CBQWW9,Faire
#AV865GP3NA,Faire
#4BQ6WT9QF3,Faire
#BN5SX7E457,Faire
#KD8FE7FWVK,Faire
#2YZXDBBHT7,Faire
#XQ5G75RD9Q,Faire
#VZ4BD8SF4E,Faire
S03209,SURFEXPO_Sept24
S03187,GWPPromo
S03188,GWPPromo
#SHYT82NY7Y,Faire
#PHZY2K9Z2V,Faire
S03157,GWPPromo
S03058,NKL Promo
#QQJWJFMXV4,Faire
#XM3VCXE63F,Faire
#XM3VCXE63F,GWPPromo
#PCQU7NS6Y7,Faire
#ASZCQ9JMMJ,Faire
#5F9UWY4447,Faire
#BJSG2K37QG,Faire
#XHCCV6E4RY,Faire
S03056,NKL Promo
S02804,NEW ACCOUNT
S02804,SURFEXPO_Sept24
S02795,NEW ACCOUNT
S02795,SURFEXPO_Sept24
#GB2J2V65D9,Faire
S02966,Direct Ship - Thailand
S02805,NEW ACCOUNT
S02805,SURFEXPO_Sept24
S02832,SURFEXPO_Sept24
S02871,SURFEXPO_Sept24
S02791,SURFEXPO_Sept24
S02809,SURFEXPO_Sept24
S02784,SURFEXPO_Sept24
#DMZFYZQWKJ,Faire
S02842,shipping account
S02845,shipping account
S02846,shipping account
S02847,shipping account
S02848,shipping account
S02787,SURFEXPO_Sept24
#7FSSPHR43U,Faire
#2BRRMXFP95,Faire
#4FJ2NFYKM2,Faire
S02738,GWPPromo
S02735,GWPPromo
#4F255ETUEQ,Faire
#HSUQPVNCDJ,Faire
#W2938582SR,Faire
S02604,FREE SHIPPING
S02641,FREE SHIPPING
#CBMBNCP76A,Faire
#VGB4G92GTY,Faire
#C2XHDNKVP9,Faire
#RGDVJXYK5M,Faire
#T57ES3622E,Faire
#8K3SEAG7JY,Faire
#K9DHNB26FC,Faire
#UPSA7N3U64,Faire
#A9VRMBPE4Z,Faire
#Q63KXM9TB8,Faire
#AF4XD8YGPC,Faire
#MB85FQSMZ4,Faire
#9U3K4CZN4Q,Faire
#JW8S966WQZ,Faire
#62BXKWKA2R,Faire
#XGQ9P36R2B,Faire
#KS8QHTY7J5,Faire
#6V4NZP44AD,Faire
#5QYRU7XPMK,Faire
S02594,FREE SHIPPING
#APK5759VU2,Faire
#DUW2ZB4JZH,Faire
#3VCCZA82ZT,Faire
#DHQC8NDDHH,Faire
#RKMVDVPC39,Faire
#EMDVMKMNMN,Faire
S02441,shipping account
#FAFKTSH7UZ,Faire
#QJ6CQM4T2V,Faire
S02425,shipping account
S00466,SB Pre-book
S00467,SB Pre-book
#A787T78UN4,Faire
#RF6MZZ9VUS,Faire
S02355,shipping account
S02355,PROMOJuly4
S00434,SB Pre-book
#T2KBAGPSUU,Faire
S00464,SB Pre-book
#9WQERD9TXH,Faire
#5CJZQS6A2C,Faire
#4SFACS55DE,Faire
#UNR666BK96,Faire
SO0255657,Sep 2023
S00329,Surf Expo January 2024
S00327,Surf Expo January 2024
S02122,SAMPLE PACK
S02116,MEMDAY PROMO
S02052,MEMDAY PROMO
S02048,MEMDAY PROMO
S02049,MEMDAY PROMO
SO0257491,Sep 2023
SO0257491,SB Pre-book
S00247,Surf Expo January 2024
S01940,Split
S01930,MH PROMO
#2R5M6MBE6B,Faire
S00463,SB Pre-book
S01887,shipping account
S01888,shipping account
S01889,shipping account
S01890,shipping account
S01890,new door
S01886,shipping account
#KBYQYUUFSM,Faire
#NHVHUB7839,Faire
#WQ5YKTME78,Faire
S00692,don't have 90175
#H4NQGFVT6V,Faire
S01212,shipping account
S01209,shipping account
S00794,Thailand Carry Home
#PZYWKEEWA3,Faire
S00389,BOAT delay
#X4GRA32ZAX,Faire
S00050,BOAT delay
S00052,BOAT delay
S00792,shipping account
#BBCG6VBEHZ,Faire
S00705,MARCH24 PROMO
S00733,shipping account
S00732,shipping account
S00744,Thailand Carry Home
S00743,Thailand Carry Home
S00742,Thailand Carry Home
S00741,Thailand Carry Home
S00740,Thailand Carry Home
S00738,Thailand Carry Home
S00737,Thailand Carry Home
S00736,Thailand Carry Home
S00735,Thailand Carry Home
S00734,shipping account
S00731,shipping account
S00730,shipping account
S00729,shipping account
S00728,shipping account
S00727,shipping account
S00726,shipping account
S00600,shipping account
#AA73A2B7ZX,Faire
#K2NSNF2TBM,Faire
#G3JQ8CDJDY,Faire
#YKGHHHS3TZ,Faire
S00586,shipping account
S00586,NEW ACCOUNT
S00585,shipping account
S00585,NEW ACCOUNT
S00584,shipping account
S00584,NEW ACCOUNT
S00578,shipping account
S00578,NEW ACCOUNT
S00562,SAMPLE PACK
S00562,HB
S00344,Surf Expo January 2024
#26UC3KA2JT,Faire
#5B3GNX2YXQ,Faire
#QSZ68YP4AJ,Faire
#VCZGB67WFR,Faire
S00461,SB Pre-book
S00143,BOAT delay
S00094,Surf Expo January 2024
S00437,SB Pre-book
S00433,SB Pre-book
S00414,shipping account
S00413,Split
S00412,BOAT delay
S00054,BOAT delay
S00049,Printed
S00049,Shipped
S00134,BOAT delay
S00051,Printed
S00051,Split
S00051,Shipped
S00245,Surf Expo January 2024
